Designator,Footprint,Quantity,Value,LCSC Part #,link,
"5V1, 5V2",PinHeader_1x01_P2.54mm_Vertical,2,Conn_01x01,https://www.lcsc.com/product-detail/C492400.html?spm=wm.fly.bg.0.xh&lcsc_vid=RAdeVAZfRwdXBFFfE1RfUF1WE1cNAwEFFVcPBFIERFQxVlNRQlBdUVdXR1dXUTsOAxUeFF5JWBYZEEoKFBINSQcJGk4NBhADEA4cHktXR08GEwkK,
"BOOT, RESET",SW_Push_SPST_NO_Alps_SKRK,2,SW_Push,https://www.lcsc.com/product-detail/C720477.html?s_z=s_Switches%257CTactile%2520Switches&spm=wm.fly.bg.0.xh&lcsc_vid=RAdeVAZfRwdXBFFfE1RfUF1WE1cNAwEFFVcPBFIERFQxVlNRQlBdUVFWQVlXVDsOAxUeFF5JWBYZEEoKFBINSQcJGk4NBhADEA4cHktRTlNADxALGw%3D%3D,
BZ1,Buzzer_12x9.5RM7.6,1,Buzzer,https://www.lcsc.com/product-detail/C96256.html?s_z=n_12x9%2520buzzer&spm=wm.ssy.bg.1.xh&lcsc_vid=RAdeVAZfRwdXBFFfE1RfUF1WE1cNAwEFFVcPBFIERFQxVlNRQlBdUVFTRllXXzsOAxUeFF5JWBYZEEoKFBINSQcJGk4NBhADEA4cHktQQlBADxALGw%3D%3D,
"C1, C11, C14, C15, C2, C3, C5, C8",0402,8,10uF,https://www.lcsc.com/product-detail/C315248.html?spm=wm.mxq.bom.0.xh___wm.bjg.btn.cre&lcsc_vid=RAdeVAZfRwdXBFFfE1RfUF1WE1cNAwEFFVcPBFIERFQxVlNRQlBdUVJTQ1JfVjsOAxUeFF5JWBYZEEoKFBINSQcJGk4dAgUUFAk%3D,
"C10, C12, C13, C16, C4, C6, C7, C9",0402,8,0.1uF,https://www.lcsc.com/product-detail/C60474.html?spm=wm.mxq.bom.1.xh___wm.bjg.btn.cre&lcsc_vid=RAdeVAZfRwdXBFFfE1RfUF1WE1cNAwEFFVcPBFIERFQxVlNRQlBdUVJTQ1JfVjsOAxUeFF5JWBYZEEoKFBINSQcJGk4dAgUUFAk%3D,
D1,0402,1,LED,https://www.lcsc.com/product-detail/C30584803.html?s_z=n_smd%2520led%25200402&spm=wm.ssy.bg.0.xh&lcsc_vid=RAdeVAZfRwdXBFFfE1RfUF1WE1cNAwEFFVcPBFIERFQxVlNRQlBdUV1fRVdYUjsOAxUeFF5JWBYZEEoKFBINSQcJGk4dAgUUFAk%3D,
"D10, D11, D12, D13, D14, D15, D16, D17, D2, D3, D4, D5, D6, D7, D8, D9",LED_SK6812MINI_PLCC4_3.5x3.5mm_P1.75mm,16,SK6812MINI,https://www.lcsc.com/product-detail/C5149201.html?s_z=n_SK6812MINI&spm=wm.ssy.bg.0.xh&lcsc_vid=RAdeVAZfRwdXBFFfE1RfUF1WE1cNAwEFFVcPBFIERFQxVlNRQlBdUFRVR1FYXzsOAxUeFF5JWBYZEEoKFBINSQcJGk4eFQsCAgIaSgADAwAHC0slRFFbX1BeR1JADxALGw%3D%3D,
F1,0603,1,1A,https://www.lcsc.com/product-detail/C18203128.html?s_z=n_smd%2520fuse%25200603%252C1%252C1A%252C&spm=wm.ssy.bg.0.xh&lcsc_vid=RAdeVAZfRwdXBFFfE1RfUF1WE1cNAwEFFVcPBFIERFQxVlNRQlBdUFVURFJcXzsOAxUeFF5JWBYZEEoKFBINSQcJGk4dAgUUFAk%3D.
FB1,0805,1,"600Ω @ 100MHz, 500mA",https://www.lcsc.com/product-detail/C97120.html?s_z=n_ferite%2520bead%2520600%25CE%25A9%2520%2540%2520100MHz%252C%2520500mA&spm=wm.ssy.bg.10.xh&lcsc_vid=RAdeVAZfRwdXBFFfE1RfUF1WE1cNAwEFFVcPBFIERFQxVlNRQlBdUFZWR1ldXzsOAxUeFF5JWBYZEEoKFBINSQcJGk4dAgUUFAk%3D,
J1,USB_C_Receptacle_HRO_TYPE-C-31-M-12,1,USB_C_Receptacle_USB2.0_14P,https://www.lcsc.com/product-detail/C2760486.html?s_z=n_usbc%2520receptical&spm=wm.ssy.bg.4.xh&lcsc_vid=RAdeVAZfRwdXBFFfE1RfUF1WE1cNAwEFFVcPBFIERFQxVlNRQlBdUFZVTlVfVzsOAxUeFF5JWBYZEEoKFBINSQcJGk4dAgUUFAk%3D,
"J2, J3, J4, J5",PinHeader_1x13_P2.54mm_Vertical,4,Conn_01x13,https://www.lcsc.com/product-detail/C22465873.html?s_z=n_1-13P&spm=wm.ssy.bg.8.xh&lcsc_vid=RAdeVAZfRwdXBFFfE1RfUF1WE1cNAwEFFVcPBFIERFQxVlNRQlBdUFFRTlddUTsOAxUeFF5JWBYZEEoKFBINSQcJGk4eFQsCAgIaSgADAwAHC0slQ1BdUFRRQ1RADxALGw%3D%3D,
J6,PinHeader_1x03_P2.54mm_Vertical,1,Conn_01x03,https://www.lcsc.com/product-detail/C2937625.html?s_z=n_1-03P&spm=wm.ssy.bg.6.xh&lcsc_vid=RAdeVAZfRwdXBFFfE1RfUF1WE1cNAwEFFVcPBFIERFQxVlNRQlBdUFJUQVNfXjsOAxUeFF5JWBYZEEoKFBINSQcJGk4dAgUUFAk%3D,
"R1, R2",0402,2,5.1k,https://www.lcsc.com/product-detail/C105872.html?spm=wm.mxq.bom.3.xh___wm.bjg.btn.cre&lcsc_vid=RAdeVAZfRwdXBFFfE1RfUF1WE1cNAwEFFVcPBFIERFQxVlNRQlBdUVJTQ1JfVjsOAxUeFF5JWBYZEEoKFBINSQcJGk4dAgUUFAk%3D,
R10,0402,1,470,https://www.lcsc.com/product-detail/C114877.html?s_z=n_%2520470ohm%25200402&spm=wm.ssy.bg.0.xh&lcsc_vid=RAdeVAZfRwdXBFFfE1RfUF1WE1cNAwEFFVcPBFIERFQxVlNRQlBdUFJeRVVXUDsOAxUeFF5JWBYZEEoKFBINSQcJGk4dAgUUFAk%3D,
"R11, R13",0402,2,100,https://www.lcsc.com/product-detail/C106232.html?s_z=n_100ohm%25200402&spm=wm.ssy.bg.0.xh&lcsc_vid=RAdeVAZfRwdXBFFfE1RfUF1WE1cNAwEFFVcPBFIERFQxVlNRQlBdUFNXQ1FaVDsOAxUeFF5JWBYZEEoKFBINSQcJGk4dAgUUFAk%3D,
R12,0402,1,165,https://www.lcsc.com/product-detail/C2076669.html?s_z=n_165ohm%25200402&spm=wm.ssy.bg.0.xh&lcsc_vid=RAdeVAZfRwdXBFFfE1RfUF1WE1cNAwEFFVcPBFIERFQxVlNRQlBdUFNTRVJXUjsOAxUeFF5JWBYZEEoKFBINSQcJGk4dAgUUFAk%3D,
"R3, R4",0402,2,27,https://www.lcsc.com/product-detail/C138021.html?s_z=n_27ohm%25200402&spm=wm.ssy.bg.0.xh&lcsc_vid=RAdeVAZfRwdXBFFfE1RfUF1WE1cNAwEFFVcPBFIERFQxVlNRQlBdUFNRTlJYUDsOAxUeFF5JWBYZEEoKFBINSQcJGk4dAgUUFAk%3D,
"R5, R8",0402,2,10K,https://www.lcsc.com/product-detail/C60490.html?s_z=n_10kohm%25200402&spm=wm.ssy.bg.0.xh&lcsc_vid=RAdeVAZfRwdXBFFfE1RfUF1WE1cNAwEFFVcPBFIERFQxVlNRQlBdUFNfT1FbUDsOAxUeFF5JWBYZEEoKFBINSQcJGk4dAgUUFAk%3D,
"R6, R7",0402,2,4.7K,https://www.lcsc.com/product-detail/C105871.html?s_z=n_4.7kohm%25200402&spm=wm.ssy.bg.0.xh&lcsc_vid=RAdeVAZfRwdXBFFfE1RfUF1WE1cNAwEFFVcPBFIERFQxVlNRQlBdUFxVRldaXztW,
R9,0402,1,330,https://www.lcsc.com/product-detail/C105875.html?s_z=n_330ohm%25200402&spm=wm.ssy.bg.0.xh&lcsc_vid=RAdeVAZfRwdXBFFfE1RfUF1WE1cNAwEFFVcPBFIERFQxVlNRQlBdUFxTQlJZUzsOAxUeFF5JWBYZEEoKFBINSQcJGk4dAgUUFAk%3D,
U1,ESP32-S3-WROOM-1,1,ESP32-S3-WROOM-1,https://www.lcsc.com/product-detail/C2913202.html?s_z=n_esp32&spm=wm.ssy.bg.6.xh&lcsc_vid=RAdeVAZfRwdXBFFfE1RfUF1WE1cNAwEFFVcPBFIERFQxVlNRQlBdUF1XQVJeVTsOAxUeFF5JWBYZEEoKFBINSQcJGk4dAgUUFAk%3D,
U3,SOT-23-5,1,AP2112K-1.2,https://www.lcsc.com/product-detail/C460310.html?s_z=n_AP2112K-1.2&spm=wm.ssy.bg.0.xh&lcsc_vid=RAdeVAZfRwdXBFFfE1RfUF1WE1cNAwEFFVcPBFIERFQxVlNRQlBdX1RWQFdWXzsOAxUeFF5JWBYZEEoKFBINSQcJGk4dAgUUFAk%3D,
U4,SOT-23-6,1,USBLC6-2SC6,https://www.lcsc.com/product-detail/C7519.html?s_z=n_USBLC6-2SC6&spm=wm.ssy.bg.0.xh&lcsc_vid=RAdeVAZfRwdXBFFfE1RfUF1WE1cNAwEFFVcPBFIERFQxVlNRQlBdX1RUT1RfVzsOAxUeFF5JWBYZEEoKFBINSQcJGk4dAgUUFAk%3D,
U5,TO-263-5_TabPin3,1,MIC29302WU,https://www.lcsc.com/product-detail/C2995533.html?s_z=n_MIC29302WU&spm=wm.ssy.bg.0.xh&lcsc_vid=RAdeVAZfRwdXBFFfE1RfUF1WE1cNAwEFFVcPBFIERFQxVlNRQlBdX1RQQFJdXjsOAxUeFF5JWBYZEEoKFBINSQcJGk4dAgUUFAk%3D,
